{
  "chrome": {
    "browser": "Chrome",
    "abbr": "Chr.",
    "prefix": "webkit",
    "type": "desktop",
    "usage_global": {
      "4": 0.004706,
      "5": 0.004879,
      "6": 0.004879,
      "7": 0.005591,
      "8": 0.005591,
      "9": 0.005591,
      "10": 0.004534,
      "11": 0.008652,
      "12": 0.004283,
      "13": 0.004879,
      "14": 0.004706,
      "15": 0.017304,
      "16": 0.004393,
      "17": 0.004393,
      "18": 0.008652,
      "19": 0.004418,
      "20": 0.004393,
      "21": 0.004317,
      "22": 0.025956,
      "23": 0.008786,
      "24": 0.02163,
      "25": 0.008652,
      "26": 0.008652,
      "27": 0.004326,
      "28": 0.004326,
      "29": 0.155736,
      "30": 0.012978,
      "31": 0.025956,
      "32": 0.008652,
      "33": 0.012978,
      "34": 0.017304,
      "35": 0.02163,
      "36": 0.017304,
      "37": 0.008652,
      "38": 0.034608,
      "39": 0.008652,
      "40": 0.030282,
      "41": 0.06489,
      "42": 0.008652,
      "43": 0.047586,
      "44": 0.008652,
      "45": 0.012978,
      "46": 0.012978,
      "47": 0.02163,
      "48": 0.056238,
      "49": 0.6489,
      "50": 0.02163,
      "51": 0.034608,
      "52": 0.017304,
      "53": 0.02163,
      "54": 0.056238,
      "55": 0.211974,
      "56": 0.090846,
      "57": 0.060564,
      "58": 0.103824,
      "59": 0.051912,
      "60": 0.073542,
      "61": 0.082194,
      "62": 0.10815,
      "63": 0.596988,
      "64": 0.147084,
      "65": 0.242256,
      "66": 0.298494,
      "67": 5.93095,
      "68": 18.6191,
      "69": 0.069216,
      "70": 0.038934,
      "71": 0,
      "72": 0
    },
    "versions": [
      "4",
      "5",
      "6",
      "7",
      "8",
      "9",
      "10",
      "11",
      "12",
      "13",
      "14",
      "15",
      "16",
      "17",
      "18",
      "19",
      "20",
      "21",
      "22",
      "23",
      "24",
      "25",
      "26",
      "27",
      "28",
      "29",
      "30",
      "31",
      "32",
      "33",
      "34",
      "35",
      "36",
      "37",
      "38",
      "39",
      "40",
      "41",
      "42",
      "43",
      "44",
      "45",
      "46",
      "47",
      "48",
      "49",
      "50",
      "51",
      "52",
      "53",
      "54",
      "55",
      "56",
      "57",
      "58",
      "59",
      "60",
      "61",
      "62",
      "63",
      "64",
      "65",
      "66",
      "67",
      "68",
      "69",
      "70",
      "71",
      "72"
    ]
  }
}
